,MACE_pred,av_rating,sentence,worker_0,worker_1,worker_2,worker_3,worker_4,worker_5,worker_6,worker_7,,Krippendorff
s0,disagrees,-1,Global warming is a hoax.,disagrees,disagrees,disagrees,disagrees,disagrees,disagrees,disagrees,disagrees,screen,0.89
s1,agrees,0.5,Alarming levels of sea level rise are predicted to threaten Florida over the next decades.,neutral,neutral,agrees,agrees,neutral,agrees,agrees,neutral,non-screen,0.54
s2,neutral,0,"Over the past several years, the United States has seen an increase in business growth that has counteracted the lingering effects of the recession.",neutral,neutral,neutral,neutral,neutral,neutral,neutral,neutral,MACE > 0.4,0.54
s3,agrees,1,Global warming is happening and it will be dangerous to human health and welfare.,agrees,agrees,agrees,agrees,agrees,agrees,agrees,agrees,,
s4,neutral,0,Some icebergs are cute.,neutral,neutral,neutral,neutral,neutral,neutral,neutral,neutral,,
t0,neutral,0.5,The global climate deal that Mr. Obama helped to strike in Paris this month will survive intact no matter who follows him as president.,agrees,neutral,agrees,neutral,agrees,neutral,neutral,agrees,,
t1,neutral,0.25,The Pacific winds are the culprit for slowing global warming.,neutral,neutral,neutral,neutral,neutral,neutral,agrees,agrees,,
t10,neutral,0.375,"Climate change has caused more than 3 trillion tons of ice to melt from Antarctica over the past 25 years ago, according to a USA Today report.",agrees,neutral,neutral,agrees,neutral,agrees,neutral,neutral,,
t11,disagrees,-1,"Historically the earth has warmed and cooled through natural weather fluctuation and that the fear mongering regarding global warming / man-made climate change is based on false assumptions, unsustained by science.",disagrees,disagrees,disagrees,disagrees,disagrees,disagrees,disagrees,disagrees,,
t12,agrees,1,Global warming is endangering some of the most popular and delicious foods on the planet.,agrees,agrees,agrees,agrees,agrees,agrees,agrees,agrees,,
t13,disagrees,-0.625,"Two extremely broad propositions – carbon dioxide is a “greenhouse gas,” and human activity has warmed the planet to some extent – tallied up the papers in their survey sample that agreed with these propositions to even the slightest degree, and manufactured the “97 percent consensus” factoid.",disagrees,neutral,disagrees,disagrees,neutral,neutral,disagrees,disagrees,,
t14,neutral,0.25,Glaciers are melting at a pace unprecedented in modern times During his Alaska trip.,neutral,neutral,neutral,agrees,neutral,neutral,agrees,neutral,,
t15,neutral,0.375,Carbon emissions are growing exponentially.,neutral,agrees,agrees,agrees,neutral,neutral,neutral,neutral,,
t16,neutral,0.25,"The odds favored another record in 2016, noting that meeting the obligations under the Paris deal will be increasingly difficult unless tough measures are taken to reign in carbon emissions in the coming decades.",agrees,neutral,neutral,agrees,neutral,neutral,neutral,neutral,,
t17,agrees,0.625,Global warming is like a world war.,agrees,agrees,agrees,agrees,neutral,agrees,neutral,neutral,,
t18,neutral,0.125,A massive outpouring of carbon dioxide from the deep ocean may have helped end the last ice age.,disagrees,neutral,agrees,neutral,neutral,agrees,neutral,neutral,,
t19,neutral,0.125,The JMA&apos;s global average temperature in 2014 is 1.1 F hotter than its 20th century average.,neutral,neutral,neutral,agrees,neutral,neutral,neutral,neutral,,
t2,agrees,0.75,Climate change is affecting the Antarctic more than previously believed and is likely to prompt global projections of sea-level rise to be revised upward.,neutral,agrees,agrees,agrees,neutral,agrees,agrees,agrees,,
t20,agrees,0.625,"With already warmer temperatures, this leads to the melting of permafrost and the release of greenhouse gases like methane.",neutral,agrees,neutral,agrees,neutral,agrees,agrees,agrees,,
t21,agrees,0.875,"The earth is racing toward “global extinction” similar to the era of the dinosaurs, as half the world’s species are allegedly failing to cope with global warming.",agrees,agrees,agrees,agrees,agrees,agrees,agrees,neutral,,
t22,neutral,-0.25,"“Climate change” is not a high priority for voters, and they haven’t paid much attention to the latest climate confab in Paris, which had a carbon footprint bigger than a thousand normal Americans living average lives for an entire year.",neutral,neutral,disagrees,disagrees,disagrees,agrees,neutral,neutral,,
t23,disagrees,-0.625,Stable sea levels can be rendered to look like they are nonetheless rising at an accelerated pace.,disagrees,neutral,disagrees,disagrees,neutral,disagrees,disagrees,neutral,,
t24,disagrees,-0.875,There has been no global warming for nearly 19 years.,disagrees,disagrees,disagrees,disagrees,neutral,disagrees,disagrees,disagrees,,
t25,neutral,0.25,"If the findings the findings hold up, the findings would confirm the West Antarctic Ice Sheet might not need a huge nudge to budge.",neutral,neutral,neutral,agrees,neutral,neutral,agrees,neutral,,
t26,neutral,-0.125,"Local sea level trends in the last 140 years had been very gently rising, neutral or negative (ie sea levels had fallen).",neutral,neutral,neutral,disagrees,neutral,neutral,neutral,neutral,,
t27,agrees,0.75,"A global temperature rise of more than 2 degrees Celsius, or 3.6 Fahrenheit, would be devastating.",agrees,agrees,agrees,agrees,neutral,agrees,neutral,agrees,,
t28,neutral,0,People are linking recent weather phenomena with the concept of global warming.,disagrees,neutral,neutral,agrees,neutral,neutral,neutral,neutral,,
t29,agrees,0.75,The world has to begin a long-term shift from fossil fuels to more sustainable forms of energy.,neutral,agrees,agrees,neutral,agrees,agrees,agrees,agrees,,
t3,disagrees,-0.625,From 1860-1880 as well as from 1910-1940 the rate of global warming is the same as from 1980-200.,disagrees,disagrees,neutral,disagrees,neutral,disagrees,disagrees,neutral,,
t4,agrees,0.5,There is a definite declining trend in Arctic sea ice.,neutral,agrees,neutral,agrees,neutral,agrees,agrees,neutral,,
t5,neutral,0.25,The 1997-1998 El Niño broke global temperature records in back-to-back years at the time.,neutral,neutral,neutral,agrees,neutral,neutral,agrees,neutral,,
t6,neutral,0.125,Solar can take on fossil fuels.,neutral,neutral,neutral,neutral,neutral,neutral,neutral,agrees,,
t7,agrees,0.5,Balance of evidence suggests a discernible human influence on global climate.,neutral,agrees,neutral,neutral,agrees,agrees,agrees,neutral,,
t8,agrees,1,High sea temperatures linked to human-driven climate warming are contributing to extreme rainfall and thunderstorm activity and possibly tornado outbreaks .,agrees,agrees,agrees,agrees,agrees,agrees,agrees,agrees,,
t9,agrees,0.625,It’s appropriate to call such storms “global warming type” events.,neutral,agrees,agrees,neutral,agrees,neutral,agrees,agrees,,
MACE competence,,,,0.48572956,0.813566102,0.650263819,0.419373808,0.452565992,0.74788632,0.696991427,0.558196068,,