,MACE_pred,av_rating,sentence,worker_0,worker_1,worker_2,worker_3,worker_4,worker_5,worker_6,worker_7,,Krippendorff
s0,disagrees,-0.875,Global warming is a hoax.,disagrees,disagrees,disagrees,neutral,disagrees,disagrees,disagrees,disagrees,screen,0.69
s1,agrees,0.5,Alarming levels of sea level rise are predicted to threaten Florida over the next decades.,agrees,neutral,agrees,neutral,agrees,agrees,neutral,neutral,non-screen,0.46
s2,neutral,0.125,"Over the past several years, the United States has seen an increase in business growth that has counteracted the lingering effects of the recession.",neutral,neutral,neutral,agrees,neutral,neutral,neutral,neutral,MACE > 0.4,0.63
s3,agrees,0.875,Global warming is happening and it will be dangerous to human health and welfare.,agrees,agrees,agrees,neutral,agrees,agrees,agrees,agrees,,
s4,neutral,-0.125,Some icebergs are cute.,neutral,neutral,neutral,disagrees,neutral,neutral,neutral,neutral,,
t0,agrees,0.5,Global warming is not expected to end anytime soon.,agrees,neutral,agrees,neutral,neutral,agrees,agrees,neutral,,
t1,neutral,0.375,"Hopefully, now that scientists are aware of this discrepancy this discrepancy, this discrepancy can be addressed in future models of disappearing ice.",neutral,agrees,neutral,agrees,neutral,agrees,neutral,neutral,,
t10,neutral,0.25,A clear switch away from fossil fuels is now on the cards.,neutral,neutral,agrees,agrees,neutral,neutral,neutral,neutral,,
t11,agrees,1,Human-caused global warming threatens to undermine the past 50 years of gains in public health.,agrees,agrees,agrees,agrees,agrees,agrees,agrees,agrees,,
t12,neutral,0.125,The science of anthropogenic global warming is settled.,neutral,neutral,agrees,neutral,neutral,neutral,neutral,neutral,,
t13,neutral,0.5,This work bolsters the view of scientists who’ve been calling for a conservation strategy for polar bears and other ice-dependent species focused on areas of the Arctic where sea ice is projected to endure well into this greenhouse-heated era.,neutral,neutral,agrees,agrees,neutral,agrees,agrees,neutral,,
t14,neutral,0.25,"In the very act of inventing tools to improve the environment, we will come closer to understanding our place on the planet, as well as in a global society of creatures like ourselves.",neutral,neutral,agrees,neutral,neutral,agrees,neutral,neutral,,
t15,agrees,0.375,"Since 1978, the winter Arctic ice cap has shrunk by 12 percent per decade.",agrees,neutral,agrees,neutral,agrees,neutral,neutral,neutral,,
t16,agrees,1,Climate change has the potential to set back global health.,agrees,agrees,agrees,agrees,agrees,agrees,agrees,agrees,,
t17,agrees,0.625,They are too pessimistic about the chances of limiting global warming.,neutral,agrees,neutral,agrees,agrees,agrees,agrees,neutral,,
t18,disagrees,-0.75,"Global temperature increases have been far, far less than doomsday computer models predicted – about three times smaller.",disagrees,neutral,disagrees,neutral,disagrees,disagrees,disagrees,disagrees,,
t19,disagrees,-0.375,"Global warming may be occurring more slowly than earlier thought, and that previous climate models may have been on the hot side.",disagrees,neutral,neutral,agrees,disagrees,disagrees,disagrees,neutral,,
t2,agrees,0.875,Recent global warming is not only manmade but dangerous.,agrees,agrees,agrees,neutral,agrees,agrees,agrees,agrees,,
t20,neutral,0.25,"Global sea levels have risen approximately 8 inches over the past century, with sea-level rises getting higher in some parts of the globe.",neutral,neutral,neutral,agrees,neutral,neutral,agrees,neutral,,
t21,neutral,0.375,This agreement sends a powerful signal that the world is fully committed to a low-carbon future.,neutral,neutral,neutral,agrees,neutral,agrees,agrees,neutral,,
t22,neutral,-0.125,People do not focus as much on 2 degrees energy increases in temperatures or increases in sea levels rising.,neutral,neutral,disagrees,agrees,neutral,disagrees,neutral,neutral,,
t23,agrees,0.875,Global warming is really such a big deal.,agrees,agrees,agrees,neutral,agrees,agrees,agrees,agrees,,
t24,neutral,0,China had released about 900 million metric tons more carbon dioxide from 2011 to 201.,neutral,neutral,neutral,neutral,neutral,neutral,neutral,neutral,,
t25,agrees,0.625,"Rapid warming in the Arctic could upset these deposits, melting them and freeing the gas.",agrees,neutral,agrees,agrees,agrees,neutral,agrees,neutral,,
t26,neutral,0.125,Fossil fuel emissions hit an all-time high in 2017 as carbon dioxide emissions surged for the first time in three years.,neutral,neutral,neutral,neutral,agrees,neutral,neutral,neutral,,
t27,agrees,1,Global warming will harm Americans.,agrees,agrees,agrees,agrees,agrees,agrees,agrees,agrees,,
t28,agrees,0.375,Reducing carbon will slow the global warming that is attributed to greenhouse gases.,agrees,neutral,agrees,disagrees,neutral,agrees,agrees,neutral,,
t29,agrees,0.5,Human activity has increased carbon dioxide emissions and affected the climate.,agrees,neutral,agrees,disagrees,agrees,agrees,agrees,neutral,,
t3,agrees,0.625,"If the media put global warming front and center on nightly newscasts and front pages and homepages, people would line up to fight the climate crisis.",agrees,agrees,agrees,disagrees,agrees,agrees,agrees,neutral,,
t4,neutral,0.125,Terrestrial ecosystems play a significant role in the global carbon cycle and offset a large fraction of anthropogenic CO2 emissions.,neutral,neutral,disagrees,neutral,agrees,agrees,neutral,neutral,,
t5,agrees,0.875,"Carbon pollution is like putting the Earth on an escalator of rising temperatures, with natural variation such as El Nino or the cooling effect of volcanoes like hopping up or down a step or two on that escalator.",agrees,agrees,agrees,agrees,agrees,agrees,agrees,neutral,,
t6,disagrees,-1,Global warming will never hurt anyone.,disagrees,disagrees,disagrees,disagrees,disagrees,disagrees,disagrees,disagrees,,
t7,neutral,0,Arctic plant species are extremely responsive to fairly rapid climate shifts in the past.,disagrees,neutral,neutral,agrees,neutral,neutral,neutral,neutral,,
t8,agrees,0.5,"If human-driven climate change continues on the present course, the ice covering the site could begin to melt in about 75 years.",agrees,neutral,agrees,disagrees,agrees,agrees,agrees,neutral,,
t9,disagrees,-0.625,The theory that carbon dioxide is a pollutant has not been substantiated scientifically.,disagrees,neutral,disagrees,agrees,disagrees,disagrees,disagrees,disagrees,,
MACE competence,,,,0.888676198,0.488383081,0.637929526,0.022886149,0.794420204,0.651867274,0.782248763,0.492437029,,