,MACE_pred,av_rating,sentence,worker_0,worker_1,worker_2,worker_3,worker_4,worker_5,worker_6,worker_7,,Krippendorff
s0,disagrees,-1,Global warming is a hoax.,disagrees,disagrees,disagrees,disagrees,disagrees,disagrees,disagrees,disagrees,screen,0.81
s1,agrees,0.625,Alarming levels of sea level rise are predicted to threaten Florida over the next decades.,agrees,neutral,agrees,disagrees,agrees,agrees,agrees,agrees,non-screen,0.67
s2,neutral,0,"Over the past several years, the United States has seen an increase in business growth that has counteracted the lingering effects of the recession.",neutral,neutral,neutral,neutral,neutral,neutral,neutral,neutral,MACE > 0.4,0.7
s3,agrees,1,Global warming is happening and it will be dangerous to human health and welfare.,agrees,agrees,agrees,agrees,agrees,agrees,agrees,agrees,,
s4,neutral,0,Some icebergs are cute.,neutral,neutral,neutral,neutral,neutral,neutral,neutral,neutral,,
t0,agrees,0.875,Progress in avoiding environmental regrets can come through constructive discussion of ways to cut risks and waste and to sustain a long-term energy quest that extends beyond fossil fuels even while they remain abundant and cheap.,neutral,agrees,agrees,agrees,agrees,agrees,agrees,agrees,,
t1,disagrees,-0.625,Most global warming is natural and even if there had been no Industrial Revolution current global temperatures would be almost exactly the same as they are now.,agrees,disagrees,disagrees,disagrees,neutral,disagrees,disagrees,disagrees,,
t10,agrees,0.75,And that’s not the only way global warming causes psychological problems.,agrees,agrees,agrees,agrees,neutral,neutral,agrees,agrees,,
t11,neutral,-0.25,The winter conditions either debunked or supported the picture of human-driven global warming.,neutral,neutral,disagrees,neutral,disagrees,neutral,neutral,neutral,,
t12,agrees,0.75,"As global temperatures warm, all of NASA’ll be looking at a very different planet.",agrees,neutral,agrees,agrees,neutral,agrees,agrees,agrees,,
t13,disagrees,-0.625,Scientists had manipulated data to hide the decline in global temperatures.,disagrees,neutral,disagrees,disagrees,neutral,disagrees,disagrees,neutral,,
t14,agrees,1,Damage to Great Barrier Reef From Global Warming Is Irreversible.,agrees,agrees,agrees,agrees,agrees,agrees,agrees,agrees,,
t15,neutral,0,More than half think global warming will never hurt anyone.,disagrees,neutral,neutral,neutral,agrees,neutral,neutral,neutral,,
t16,neutral,0,The researchers plan to test additional sites and examine how carbon dioxide levels changed through the glacial cycle.,neutral,neutral,neutral,neutral,neutral,neutral,neutral,neutral,,
t17,neutral,0,Ice volume is a better measure than ice area.,neutral,neutral,neutral,neutral,neutral,neutral,neutral,neutral,,
t18,agrees,1,"The world has little more than a decade to limit catastrophic climate change, which will involve millions of people displaced by sea level rise or subjected to deadly heatwaves, as well as the loss of almost all of the planet’s coral reefs.",agrees,agrees,agrees,agrees,agrees,agrees,agrees,agrees,,
t19,disagrees,-1,There is no solid evidence of global warming.,disagrees,disagrees,disagrees,disagrees,disagrees,disagrees,disagrees,disagrees,,
t2,neutral,0,People will need to see that no catastrophes eventuate on the day the carbon price comes in.,neutral,neutral,disagrees,neutral,agrees,neutral,neutral,neutral,,
t20,disagrees,-0.5,A NASA climate scientist is reported as having faked global warming data.,disagrees,neutral,disagrees,disagrees,neutral,neutral,disagrees,neutral,,
t21,agrees,0.875,Global warming is occurring.,agrees,neutral,agrees,agrees,agrees,agrees,agrees,agrees,,
t22,disagrees,-0.875,There is low confidence in attribution of drought on a global scale to human influence on climate.,disagrees,disagrees,disagrees,disagrees,neutral,disagrees,disagrees,disagrees,,
t23,agrees,0.75,Global warming is a serious problem but raising the cost of polluting forms of energy is a highly inefficient solution.,agrees,agrees,agrees,agrees,agrees,agrees,agrees,disagrees,,
t24,neutral,0.125,The political will exists in Washington to pass legislation that could include some kind of a tax on carbon.,neutral,neutral,neutral,neutral,neutral,neutral,neutral,agrees,,
t25,agrees,0.75,World sea levels are rising on average.,agrees,neutral,agrees,agrees,agrees,neutral,agrees,agrees,,
t26,agrees,0.5,"Even modest changes in suicide rates due to climate change could [ lead to ] large changes in the associated global health burden, particularly in wealthier countries where current suicide rates are relatively high.",agrees,neutral,agrees,agrees,neutral,neutral,neutral,agrees,,
t27,disagrees,-1,"The scientists responsible for bigging up global warming are a bunch of useless, lying, cheating, conniving, scum-sucking bottom feeders who by rights should be in jail rather than anywhere near a lab.",disagrees,disagrees,disagrees,disagrees,disagrees,disagrees,disagrees,disagrees,,
t28,agrees,0.625,The globally averaged sea surface temperature for 2013 is among the 10 warmest on record.,neutral,neutral,agrees,agrees,agrees,neutral,agrees,agrees,,
t29,agrees,0.75,The world will soon do something about global warming.,agrees,neutral,agrees,agrees,agrees,agrees,neutral,agrees,,
t3,agrees,0.625,"Far from staying flat since 1998, global temperatures have carried on rising.",agrees,neutral,agrees,neutral,agrees,neutral,agrees,agrees,,
t4,agrees,0.875,The paper in no way diminishes the extensive body of observations that global warming is happening and that it is largely due to human activity.,agrees,neutral,agrees,agrees,agrees,agrees,agrees,agrees,,
t5,neutral,0.125,Liberated carbon makes our society possible.,neutral,neutral,neutral,neutral,agrees,neutral,neutral,neutral,,
t6,agrees,1,All fossil fuel use needs to be regulated to reduce global warming.,agrees,agrees,agrees,agrees,agrees,agrees,agrees,agrees,,
t7,agrees,0.625,"Global temperatures in 2014 shattered earlier records, making 2014 the hottest year since record-keeping began in 1880.",agrees,neutral,agrees,agrees,agrees,neutral,agrees,neutral,,
t8,agrees,0.625,One round-trip flight from New York to Europe or to San Francisco creates a warming effect equivalent to 2 or 3 tons of carbon dioxide per person.,agrees,neutral,agrees,agrees,agrees,neutral,agrees,neutral,,
t9,disagrees,-0.5,Carbon dioxide is not a “primary contributor” to global warming.,neutral,neutral,disagrees,disagrees,neutral,disagrees,neutral,disagrees,,
MACE competence,,,,0.777682973,0.394568384,0.902056152,0.902109821,0.472958585,0.653042686,0.862179036,0.735130037,,