,MACE_pred,av_rating,sentence,worker_0,worker_1,worker_2,worker_3,worker_4,worker_5,worker_6,worker_7,,Krippendorff
s0,disagrees,-1,Global warming is a hoax.,disagrees,disagrees,disagrees,disagrees,disagrees,disagrees,disagrees,disagrees,screen,0.76
s1,agrees,0.5,Alarming levels of sea level rise are predicted to threaten Florida over the next decades.,neutral,neutral,agrees,agrees,agrees,disagrees,agrees,agrees,non-screen,0.48
s2,neutral,-0.125,"Over the past several years, the United States has seen an increase in business growth that has counteracted the lingering effects of the recession.",neutral,neutral,neutral,neutral,neutral,disagrees,neutral,neutral,MACE > 0.4,0.64
s3,agrees,1,Global warming is happening and it will be dangerous to human health and welfare.,agrees,agrees,agrees,agrees,agrees,agrees,agrees,agrees,,
s4,neutral,0,Some icebergs are cute.,neutral,neutral,neutral,neutral,neutral,neutral,neutral,neutral,,
t0,neutral,0.25,Carbon dioxide is a pollutant.,neutral,agrees,neutral,neutral,neutral,neutral,neutral,agrees,,
t1,agrees,0.375,"Impacts from climate change — including sea level rise, increasing temperatures, and ocean acidification — are originally in the set of stressors but are taken out of the analysis because including them resulted in a total loss of marine wilderness.",neutral,neutral,agrees,agrees,agrees,agrees,disagrees,neutral,,
t10,disagrees,-0.5,Global warming is a relatively distant threat.,neutral,neutral,disagrees,neutral,disagrees,neutral,disagrees,disagrees,,
t11,disagrees,-0.75,Human activities are not a major cause of global warming.,disagrees,neutral,disagrees,neutral,disagrees,disagrees,disagrees,disagrees,,
t12,agrees,0.625,The rate of CO2 released from Earth&apos;s soil has increased globally by about 1.2 percent in just 25 years.,neutral,neutral,agrees,neutral,agrees,agrees,agrees,agrees,,
t13,agrees,1,Global warming is real.,agrees,agrees,agrees,agrees,agrees,agrees,agrees,agrees,,
t14,agrees,0.75,"Human-induced global warming is a fundamental cause behind the 7.1 trillion gallons of torrential rainfall that a storm dumped on Louisiana in August, leading to a flooding disaster that killed at least 13 people and caused more than $ 1 billion in damage.",agrees,agrees,agrees,agrees,agrees,disagrees,agrees,agrees,,
t15,agrees,0.375,Fossil fuel extraction may be less an economic boon than a massive liability.,agrees,agrees,neutral,neutral,neutral,disagrees,agrees,agrees,,
t16,neutral,0.375,"Over the long term, fossil fuels are a losing bet.",neutral,agrees,neutral,agrees,neutral,neutral,agrees,neutral,,
t17,disagrees,-0.75,Man-made carbon dioxide emissions do not drive global temperatures.,disagrees,disagrees,disagrees,neutral,disagrees,neutral,disagrees,disagrees,,
t18,agrees,0.625,"Global warming had made traveling to Botswana in October, normally a pleasant time to visit temperature-wise, more challenging because of uncomfortably hot weather.",agrees,agrees,agrees,agrees,agrees,disagrees,neutral,agrees,,
t19,agrees,0.5,Ice sheets are melting at an accelerating rate.,neutral,neutral,agrees,neutral,agrees,neutral,agrees,agrees,,
t2,disagrees,-0.75,Several leading climate scientists’ve got their facts wrong about global warming.,neutral,disagrees,disagrees,disagrees,disagrees,disagrees,disagrees,neutral,,
t20,neutral,-0.25,Global temperatures drop further still.,neutral,neutral,neutral,neutral,disagrees,neutral,neutral,disagrees,,
t21,neutral,0.125,"Liberal environmentalist non-profits are urging people to eat organic, consume less meat, and consider the carbon footprint of their Thanksgiving feast.",neutral,neutral,neutral,agrees,neutral,disagrees,neutral,agrees,,
t22,neutral,0,The chart does not mean that global warming is a hoax.,neutral,neutral,agrees,neutral,neutral,disagrees,neutral,neutral,,
t23,neutral,0,Fossil fuels are a finite bank of ancient sunlight.,neutral,neutral,neutral,neutral,neutral,neutral,neutral,neutral,,
t24,neutral,0.125,Global energy demand is going to increase over time.,neutral,neutral,neutral,neutral,neutral,agrees,neutral,neutral,,
t25,disagrees,-0.25,"The non-climatic effects of carbon dioxide as a sustainer of wildlife and crop plants are enormously beneficial, that the possibly harmful climatic effects of carbon dioxide have been greatly exaggerated, and that the benefits clearly outweigh the possible damage.",disagrees,disagrees,disagrees,agrees,disagrees,agrees,agrees,disagrees,,
t26,agrees,0.75,"Burning fossil fuels emits CO2, a greenhouse gas, making the world heat up like a greenhouse sitting in the sun.",neutral,neutral,agrees,agrees,agrees,agrees,agrees,agrees,,
t27,neutral,0.25,"Americans are much more skeptical of “global warming” than citizens of other countries, a phenomenon the author attributes to “selfishness” and hypocrisy.",neutral,agrees,agrees,neutral,neutral,agrees,neutral,disagrees,,
t28,neutral,0.25,The fossil fuel industry spent nearly 18 percent of all climate lobbying dollars during the period examined.,neutral,neutral,agrees,neutral,neutral,neutral,neutral,agrees,,
t29,disagrees,-1,Global warming is a Chinese hoax.,disagrees,disagrees,disagrees,disagrees,disagrees,disagrees,disagrees,disagrees,,
t3,disagrees,-1,"The theories of man-made climate change are no longer credible in light of the so-called hiatus in rising temperatures, not to mention that polar ice is increasing, not melting away.",disagrees,disagrees,disagrees,disagrees,disagrees,disagrees,disagrees,disagrees,,
t4,agrees,0.25,The evidence is emerging that quite small changes in sea surface temperatures have huge effects on hurricanes and these events.,neutral,neutral,agrees,neutral,neutral,disagrees,agrees,agrees,,
t5,agrees,0.5,Estimates of future sea level rise may be significantly underestimated.,neutral,neutral,agrees,neutral,agrees,agrees,neutral,agrees,,
t6,agrees,0.625,Sea levels are rising.,agrees,neutral,agrees,neutral,agrees,agrees,neutral,agrees,,
t7,agrees,0.625,We need to more or less immediately stop using or drastically curtail fossil fuels.,agrees,agrees,agrees,neutral,neutral,neutral,agrees,agrees,,
t8,disagrees,-0.75,"The reason why more scientists do n’t advocate putting more carbon dioxide in the atmosphere is because the driving force behind the global warming debate, I hate to say it, isn’t science.",disagrees,disagrees,disagrees,neutral,disagrees,neutral,disagrees,disagrees,,
t9,neutral,0.375,"Antarctica is currently losing ice about three times faster than it did until 2012, climbing to a rate of more than 241 billion tons (219 billion metric tons) per year.",neutral,agrees,agrees,neutral,agrees,neutral,neutral,neutral,,
MACE competence,,,,0.587016967,0.426585325,0.778350133,0.386162614,0.808840537,0.306182138,0.690074298,0.648326075,,