,MACE_pred,av_rating,sentence,worker_0,worker_1,worker_2,worker_3,worker_4,worker_5,worker_6,worker_7,,Krippendorff
s0,disagrees,-0.875,Global warming is a hoax.,disagrees,disagrees,disagrees,neutral,disagrees,disagrees,disagrees,disagrees,screen,0.74
s1,agrees,0.75,Alarming levels of sea level rise are predicted to threaten Florida over the next decades.,agrees,neutral,agrees,agrees,agrees,neutral,agrees,agrees,non-screen,0.45
s2,neutral,0.25,"Over the past several years, the United States has seen an increase in business growth that has counteracted the lingering effects of the recession.",neutral,neutral,agrees,agrees,neutral,neutral,neutral,neutral,MACE > 0.4,0.69
s3,agrees,0.875,Global warming is happening and it will be dangerous to human health and welfare.,agrees,agrees,agrees,neutral,agrees,agrees,agrees,agrees,,
s4,neutral,0,Some icebergs are cute.,neutral,neutral,neutral,neutral,neutral,neutral,neutral,neutral,,
t0,disagrees,-0.75,"One of those pesky realist scientists whose research using awkward facts shows that global warming isn’t nearly the peril it’s cracked up to be and which may ultimately be one of the reasons why Flannery no longer has that $ 180,000 a year (for a three-day week) job.",disagrees,neutral,disagrees,neutral,disagrees,disagrees,disagrees,disagrees,,
t1,neutral,0.25,We can not live on fossil fuel forever.,agrees,neutral,neutral,neutral,agrees,neutral,neutral,neutral,,
t10,agrees,1,Global warming is what is causing the climate to change .,agrees,agrees,agrees,agrees,agrees,agrees,agrees,agrees,,
t11,agrees,0.625,"Anyone objectively looking at the data, even at the graph produced above, can see that climate models are much, much, much better at predicting global warming over the past decade.",neutral,agrees,agrees,neutral,agrees,neutral,agrees,agrees,,
t12,agrees,0.5,Rich countries like the United States the United States the United States bear moral responsibility for global warming and should not deny poor countries the chance to build their economies.,agrees,neutral,agrees,disagrees,agrees,agrees,agrees,neutral,,
t13,neutral,-0.125,Europe is suffering from political rejection of fossil fuels.,disagrees,neutral,neutral,neutral,neutral,neutral,neutral,neutral,,
t14,neutral,0.25,Texas can accept that sea level is rising.,neutral,neutral,neutral,agrees,agrees,neutral,neutral,neutral,,
t15,neutral,-0.125,The average American generates about 19 tons of carbon dioxide a year.,neutral,neutral,neutral,disagrees,neutral,neutral,neutral,neutral,,
t16,neutral,0.125,The federal government still lacks a comprehensive strategy to tackle floods.,neutral,neutral,neutral,agrees,neutral,neutral,neutral,neutral,,
t17,agrees,0.75,Global warming is likely to prove dangerous.,agrees,agrees,agrees,disagrees,agrees,agrees,agrees,agrees,,
t18,agrees,0.75,A diet heavy on vegetables is the best diet for the planet in this age of global warming.,agrees,agrees,agrees,agrees,neutral,agrees,agrees,neutral,,
t19,agrees,0.5,Carbon dioxide is responsible for the warming.,neutral,agrees,neutral,neutral,agrees,agrees,agrees,neutral,,
t2,neutral,-0.125,"It interesting that environmental groups are opposed to fracking, which studies have shown help reduce carbon emissions.",neutral,neutral,neutral,neutral,disagrees,neutral,neutral,neutral,,
t20,neutral,0.125,Natural variability is large for sea ice.,neutral,neutral,neutral,agrees,neutral,neutral,neutral,neutral,,
t21,agrees,0.75,Global warming is due in large part to human activity.,agrees,neutral,agrees,neutral,agrees,agrees,agrees,agrees,,
t22,neutral,0.125,Sea level rise is accelerating.,neutral,neutral,agrees,disagrees,agrees,neutral,neutral,neutral,,
t23,neutral,0.25,These regions are pumping carbon dioxide to the atmosphere.,neutral,agrees,neutral,neutral,agrees,neutral,neutral,neutral,,
t24,agrees,1,The United States government has violated their constitutional rights by allowing fossil fuel production to continue — despite knowing its effects on the planet.,agrees,agrees,agrees,agrees,agrees,agrees,agrees,agrees,,
t25,agrees,0.75,"A mammoth effort is needed, beginning now and carrying through the century, to decarbonize global energy systems.",agrees,agrees,agrees,disagrees,agrees,agrees,agrees,agrees,,
t26,agrees,0.75,Co2 is a demon molecule that causes global warming.,agrees,agrees,agrees,disagrees,agrees,agrees,agrees,agrees,,
t27,neutral,-0.125,There appears to be hope for travel and tourism to continue to grow in the wake of global warming.,neutral,neutral,neutral,disagrees,agrees,disagrees,neutral,neutral,,
t28,neutral,0.25,These findings will require an upward revision to current predictions of sea level rise.,agrees,neutral,neutral,agrees,neutral,neutral,neutral,neutral,,
t29,agrees,0.875,Sea level rise is a direct consequence of global warming.,agrees,agrees,agrees,neutral,agrees,agrees,agrees,agrees,,
t3,disagrees,-0.625,The striking Arctic change is as much a result of ice moving as melting.,neutral,disagrees,disagrees,disagrees,disagrees,neutral,neutral,disagrees,,
t4,neutral,0.375,The human contribution to the global greenhouse effect has increased 29 percent since 1999.,agrees,neutral,neutral,neutral,agrees,agrees,neutral,neutral,,
t5,disagrees,-0.875,Global warming is not a crisis.,disagrees,disagrees,disagrees,neutral,disagrees,disagrees,disagrees,disagrees,,
t6,agrees,0.75,"More warming leads to more fires, which release more carbon, which causes more warming, and so on.",agrees,agrees,agrees,neutral,agrees,agrees,agrees,neutral,,
t7,disagrees,-0.375,The carbon regulations are unconstitutional.,disagrees,disagrees,neutral,agrees,disagrees,neutral,disagrees,neutral,,
t8,neutral,0.125,"A low amount of Arctic sea ice, while not record-breaking, is the new normal.",neutral,neutral,neutral,agrees,neutral,neutral,neutral,neutral,,
t9,neutral,0.375,The rate of Antarctic melt is already six times faster than it is just a few decades ago.,agrees,agrees,neutral,disagrees,agrees,neutral,neutral,agrees,,
MACE competence,,,,0.670626476,0.741567928,0.79074262,0.014725974,0.609227237,0.711142109,0.924603645,0.743338631,,