,MACE_pred,av_rating,sentence,worker_0,worker_1,worker_2,worker_3,worker_4,worker_5,worker_6,worker_7,,Krippendorff
s0,disagrees,-0.75,Global warming is a hoax.,disagrees,disagrees,disagrees,disagrees,disagrees,disagrees,disagrees,agrees,screen,0.66
s1,agrees,0.625,Alarming levels of sea level rise are predicted to threaten Florida over the next decades.,agrees,agrees,neutral,neutral,agrees,agrees,agrees,neutral,non-screen,0.34
s2,neutral,0.125,"Over the past several years, the United States has seen an increase in business growth that has counteracted the lingering effects of the recession.",neutral,neutral,neutral,neutral,neutral,neutral,neutral,agrees,MACE > 0.4,0.53
s3,agrees,1,Global warming is happening and it will be dangerous to human health and welfare.,agrees,agrees,agrees,agrees,agrees,agrees,agrees,agrees,,
s4,neutral,0,Some icebergs are cute.,neutral,neutral,neutral,neutral,neutral,neutral,neutral,neutral,,
t0,neutral,-0.375,Coral reefs may be more resilient to global warming and bleaching than we think.,neutral,disagrees,neutral,neutral,disagrees,neutral,disagrees,neutral,,
t1,agrees,0.125,The basics are clear long ago and the response to global warming is more about ethics and economics than data.,disagrees,neutral,neutral,neutral,agrees,agrees,disagrees,agrees,,
t10,neutral,0,Much of the rise in sea level we’ve seen since the 1880s is the result of thermal expansion.,neutral,neutral,neutral,agrees,disagrees,agrees,neutral,disagrees,,
t11,neutral,-0.375,"To further pound the point home, the article the article is festooned with imaginative graphics of future human fossils.",neutral,neutral,neutral,disagrees,disagrees,neutral,disagrees,neutral,,
t12,agrees,0.5,The odds for human extinction because of climate change or global warming are 50 percent or more.,neutral,agrees,agrees,agrees,agrees,agrees,neutral,disagrees,,
t13,agrees,0.625,Co2 is responsible for the apparent global temperature increase.,agrees,neutral,agrees,neutral,agrees,agrees,neutral,agrees,,
t14,agrees,0.5,"Climate change, rising atmospheric carbon dioxide, excess nutrient inputs, and pollution in its many forms are fundamentally altering the chemistry of the ocean, often on a global scale and, in some cases, at rates greatly exceeding those in the historical and recent geological record.",neutral,agrees,agrees,neutral,agrees,agrees,neutral,neutral,,
t15,disagrees,-0.5,Global surface temperatures have not increased for the past 15 years.,disagrees,neutral,disagrees,neutral,disagrees,disagrees,neutral,neutral,,
t16,neutral,0,"In recent years, the rising earth has probably skewed satellite measurements of ice loss, leading researchers to underestimate the rate of vanishing ice by as much as 10 percent.",neutral,neutral,neutral,neutral,neutral,disagrees,agrees,neutral,,
t17,agrees,0.75,Humanity is about to cause an equal or greater rise in sea level.,neutral,neutral,agrees,agrees,agrees,agrees,agrees,agrees,,
t18,neutral,0,California’s forests emitted more carbon than they sequestered.,neutral,neutral,neutral,neutral,neutral,agrees,neutral,disagrees,,
t19,neutral,0.375,"As global temperatures rise, microbes in the soil have been releasing CO2 faster than plants can snatch it up again.",agrees,neutral,neutral,neutral,neutral,agrees,neutral,agrees,,
t2,neutral,-0.125,"For most uses, the GHG footprint of shale gas is greater than that of other fossil fuels on time scales of up to 100 years.",neutral,neutral,neutral,neutral,neutral,neutral,neutral,disagrees,,
t20,agrees,0.5,Because of climate change the warming Arctic is weakening the polar vortex.,agrees,agrees,agrees,neutral,agrees,agrees,neutral,disagrees,,
t21,neutral,0.125,Global warming might be caused by some combination of human activity and Mother Nature.,agrees,neutral,neutral,neutral,neutral,neutral,neutral,neutral,,
t22,neutral,0.5,Companies that burn fossil fuels should be taxed at a rate that reflected the harms they are imposing on the rest of the world.,neutral,agrees,neutral,agrees,neutral,agrees,agrees,neutral,,
t23,neutral,-0.25,"As even the IPCC had to admit, sea level rise between 1920 and 1950 is similar to the recent period.",disagrees,neutral,neutral,neutral,disagrees,neutral,disagrees,agrees,,
t24,disagrees,-1,Global warming is overestimated by 100 % over 20 years.,disagrees,disagrees,disagrees,disagrees,disagrees,disagrees,disagrees,disagrees,,
t25,neutral,0,The nation that leads the clean energy economy is likely to lead the global economy.,neutral,neutral,neutral,neutral,neutral,neutral,neutral,neutral,,
t26,neutral,0,Obama Obama plans to suspend new permits for offshore drilling in Arctic waters at least through the rest of this year.,neutral,neutral,neutral,neutral,neutral,neutral,neutral,neutral,,
t27,neutral,-0.625,Exclusive emphasis on a carbon price is a delusion.,disagrees,neutral,disagrees,disagrees,neutral,neutral,disagrees,disagrees,,
t28,agrees,0.5,Global warming could increase these risks in the future.,agrees,agrees,neutral,neutral,agrees,agrees,neutral,neutral,,
t29,disagrees,-0.5,Better models are needed before exceptional events can be reliably linked to global warming.,neutral,disagrees,neutral,disagrees,disagrees,disagrees,neutral,neutral,,
t3,disagrees,-0.25,Global warming global warming is natural.,neutral,neutral,disagrees,neutral,disagrees,disagrees,neutral,agrees,,
t4,agrees,0.5,The Arctic ice cap is melting faster than is predicted even five years ago.,neutral,agrees,neutral,neutral,agrees,agrees,neutral,agrees,,
t5,agrees,0.75,The rate of global warming is accelerating.,agrees,agrees,agrees,agrees,agrees,agrees,neutral,neutral,,
t6,agrees,0.5,The Arctic ice cap is melting faster than is predicted even five years ago.,neutral,agrees,neutral,neutral,agrees,agrees,neutral,agrees,,
t7,neutral,-0.375,"On the other hand, the proportion of so-called multiyear ice is higher this year than in 2011.",neutral,neutral,neutral,disagrees,neutral,neutral,disagrees,disagrees,,
t8,neutral,0.25,"Of course, the strongest evidence for global warming isn’t isolated events like particularly hot days.",neutral,neutral,neutral,agrees,neutral,agrees,agrees,disagrees,,
t9,neutral,0.25,We must wean ourselves off fossil fuels.,neutral,neutral,neutral,agrees,neutral,agrees,agrees,disagrees,,
MACE competence,,,,0.416801668,0.703173925,0.624952427,0.252865704,0.8105315,0.657695031,0.119280352,0.098135206,,