,MACE_pred,av_rating,sentence,worker_0,worker_1,worker_2,worker_3,worker_4,worker_5,worker_6,worker_7,,Krippendorff
s0,disagrees,-1,Global warming is a hoax.,disagrees,disagrees,disagrees,disagrees,disagrees,disagrees,disagrees,disagrees,screen,0.84
s1,neutral,0.375,Alarming levels of sea level rise are predicted to threaten Florida over the next decades.,agrees,neutral,neutral,neutral,neutral,agrees,neutral,agrees,non-screen,0.61
s2,neutral,-0.125,"Over the past several years, the United States has seen an increase in business growth that has counteracted the lingering effects of the recession.",neutral,neutral,disagrees,neutral,neutral,neutral,neutral,neutral,MACE > 0.4,0.61
s3,agrees,1,Global warming is happening and it will be dangerous to human health and welfare.,agrees,agrees,agrees,agrees,agrees,agrees,agrees,agrees,,
s4,neutral,0,Some icebergs are cute.,neutral,neutral,neutral,neutral,neutral,neutral,neutral,neutral,,
t0,neutral,0,We are all familiar with the general outlines of globalization.,neutral,neutral,neutral,neutral,neutral,neutral,neutral,neutral,,
t1,disagrees,-1,Global warming is a myth.,disagrees,disagrees,disagrees,disagrees,disagrees,disagrees,disagrees,disagrees,,
t10,agrees,0.875,No use in denying global warming exists.,neutral,agrees,agrees,agrees,agrees,agrees,agrees,agrees,,
t11,neutral,0,"Carbon developers want to lock up 10,000 acres of forest land.",neutral,neutral,neutral,neutral,neutral,neutral,neutral,neutral,,
t12,agrees,1,Global warming global warming global warming global warming turns out to be as real and present and dangerous as ever it is.,agrees,agrees,agrees,agrees,agrees,agrees,agrees,agrees,,
t13,disagrees,-1,Global warming is – and always is – just a pretext for an economic takeover by the globalist left.,disagrees,disagrees,disagrees,disagrees,disagrees,disagrees,disagrees,disagrees,,
t14,agrees,0.5,"As the Antarctic ice sheet continues to melt away, we expect multi-meter sea level rise from Antarctica in the coming centuries.",neutral,neutral,agrees,neutral,neutral,agrees,agrees,agrees,,
t15,neutral,0.375,"We could ramp down all of the fossil-fuel-emitting infrastructure that we have, all of the way until it reaches the end of its life.",agrees,agrees,neutral,agrees,neutral,neutral,neutral,neutral,,
t16,disagrees,-0.625,There is no “global warming” story.,disagrees,disagrees,disagrees,disagrees,neutral,disagrees,disagrees,agrees,,
t17,disagrees,-0.5,You can’t stop using fossil fuels without killing people and destroying our economies.,neutral,disagrees,disagrees,disagrees,neutral,disagrees,neutral,neutral,,
t18,neutral,0,The Arctic sea ice cover is rapidly retreating while the Antarctic sea ice cover is steadily expanding.,neutral,neutral,neutral,neutral,neutral,neutral,neutral,neutral,,
t19,neutral,0.375,"Since the 1880s, the global temperature has risen approximately 2 degrees Fahrenheit.",agrees,agrees,neutral,neutral,neutral,agrees,neutral,neutral,,
t2,agrees,1,Global climate change is a very serious problem.,agrees,agrees,agrees,agrees,agrees,agrees,agrees,agrees,,
t20,agrees,1,This is evidence of man-made global warming.,agrees,agrees,agrees,agrees,agrees,agrees,agrees,agrees,,
t21,disagrees,-0.5,Carbon dioxide is not a pollutant and it is not the driver of global warming.,disagrees,disagrees,disagrees,disagrees,neutral,disagrees,agrees,neutral,,
t22,neutral,0.25,"The last time in Earth&apos;s geologic history that carbon dioxide is this high, there is no year-round sea ice in Antarctica.",neutral,neutral,agrees,neutral,neutral,neutral,agrees,neutral,,
t23,agrees,0.875,"Global temperatures had reached a dangerous “tipping point,” with extreme warming imminent and unavoidable.",agrees,agrees,agrees,neutral,agrees,agrees,agrees,agrees,,
t24,disagrees,-0.5,Carbon dioxide emissions provide the environmentally vital services of greening the planet and assuring our food supply.,disagrees,disagrees,disagrees,neutral,neutral,disagrees,neutral,neutral,,
t25,agrees,0.625,Climate change could reduce global crop production by 9 % in the 2030s and by 23 % in the 2050s.,agrees,neutral,agrees,neutral,neutral,agrees,agrees,agrees,,
t26,neutral,0.125,15 percent of Americans have volunteered or donated money to an organization working to reduce global warming.,agrees,neutral,neutral,neutral,neutral,neutral,neutral,neutral,,
t27,agrees,1,People in the United States the United States are being harmed by global warming right now.,agrees,agrees,agrees,agrees,agrees,agrees,agrees,agrees,,
t28,neutral,0.125,"In the long run, the costs from raising the price of fossil-fueled electricity and other sources of energy could be modest.",neutral,neutral,neutral,agrees,neutral,neutral,neutral,neutral,,
t29,neutral,0.25,Carbon pollution harms human health and is therefore subject to the Clean Air Act.,neutral,neutral,agrees,neutral,neutral,neutral,agrees,neutral,,
t3,neutral,0.375,We should work for a national carbon tax instead.,neutral,agrees,agrees,agrees,neutral,neutral,neutral,neutral,,
t4,neutral,-0.5,Limiting our carbon pollution is pointless because of China’s supposedly growing coal dependency.,disagrees,neutral,disagrees,disagrees,neutral,neutral,disagrees,neutral,,
t5,disagrees,-0.25,On the most important indicator of uncertainty in climate science--the likely range of warming for a given increase in carbon dioxide emissions--progress is actually retrograde.,agrees,disagrees,neutral,disagrees,disagrees,agrees,disagrees,neutral,,
t6,neutral,0.375,Fossil fuel companies should pay a carbon tax.,neutral,neutral,agrees,agrees,neutral,neutral,agrees,neutral,,
t7,agrees,0.875,Global warning poses a bigger threat than terrorism.,agrees,agrees,agrees,neutral,agrees,agrees,agrees,agrees,,
t8,neutral,0.125,Last month is the third-hottest June on record globally.,neutral,neutral,agrees,neutral,neutral,neutral,neutral,neutral,,
t9,neutral,0.125,Profound changes are well under way that virtually guarantee the Arctic described in history books.,agrees,disagrees,agrees,neutral,neutral,neutral,neutral,neutral,,
MACE competence,,,,0.591779019,0.706490967,0.566306644,0.578769779,0.756265929,0.807911602,0.716629645,0.736461791,,