,MACE_pred,av_rating,sentence,worker_0,worker_1,worker_2,worker_3,worker_4,worker_5,worker_6,worker_7,,Krippendorff
s0,disagrees,-1,Global warming is a hoax.,disagrees,disagrees,disagrees,disagrees,disagrees,disagrees,disagrees,disagrees,screen,0.92
s1,agrees,0.75,Alarming levels of sea level rise are predicted to threaten Florida over the next decades.,agrees,agrees,neutral,agrees,agrees,neutral,agrees,agrees,non-screen,0.63
s2,neutral,0,"Over the past several years, the United States has seen an increase in business growth that has counteracted the lingering effects of the recession.",neutral,neutral,neutral,neutral,neutral,neutral,neutral,neutral,MACE > 0.4,0.69
s3,agrees,1,Global warming is happening and it will be dangerous to human health and welfare.,agrees,agrees,agrees,agrees,agrees,agrees,agrees,agrees,,
s4,neutral,0,Some icebergs are cute.,neutral,neutral,neutral,neutral,neutral,neutral,neutral,neutral,,
t0,neutral,0.5,"Across the entire Arctic, forests are burning at a rate unseen in at least 10,000 years.",agrees,neutral,agrees,agrees,neutral,neutral,neutral,agrees,,
t1,agrees,0.875,Tackling climate change will be the greatest global health opportunity of the 21st century .,agrees,agrees,agrees,agrees,agrees,neutral,agrees,agrees,,
t10,agrees,1,Putting a price on carbon dioxide emissions would be central for getting global warming under control.,agrees,agrees,agrees,agrees,agrees,agrees,agrees,agrees,,
t11,agrees,0.875,Humans are causing global warming.,agrees,agrees,agrees,agrees,neutral,agrees,agrees,agrees,,
t12,disagrees,-0.875,There’s no sign of global warming hurting productivity yet.,disagrees,disagrees,disagrees,neutral,disagrees,disagrees,disagrees,disagrees,,
t13,agrees,0.75,The net effect will be a general and global warming of the earth.,agrees,agrees,agrees,agrees,agrees,neutral,neutral,agrees,,
t14,disagrees,-0.75,There is no scientific proof that human emissions of carbon dioxide (CO2) are the dominant cause of the minor warming of the Earth’s atmosphere over the past 100 years.,disagrees,disagrees,disagrees,disagrees,disagrees,agrees,disagrees,disagrees,,
t15,agrees,0.5,The West Antarctic Ice Sheet is going to go unstable.,agrees,agrees,neutral,neutral,agrees,neutral,neutral,agrees,,
t16,agrees,0.5,"The West Antarctic ice sheet could disappear in as little as 1,000 years.",agrees,neutral,agrees,neutral,agrees,neutral,agrees,neutral,,
t17,disagrees,-1,The data isn’t lining up with the Church of Global Warming.,disagrees,disagrees,disagrees,disagrees,disagrees,disagrees,disagrees,disagrees,,
t18,neutral,0.5,"A modest carbon tax could pay for all of this work at a fraction the cost of a cap on emissions of greenhouse gases, the approach pursued by Europe under the Kyoto Protocol (and rejected in the United States).",agrees,neutral,agrees,agrees,neutral,agrees,neutral,neutral,,
t19,disagrees,-0.625,I am hoping that the scientists and politicians who have been blindly demonizing carbon dioxide for 37 years will one day open their eyes and look at the evidence.,disagrees,disagrees,agrees,disagrees,disagrees,neutral,disagrees,disagrees,,
t2,neutral,0.125,The world is in the midst of only the third global coral bleaching event ever recorded.,disagrees,neutral,neutral,neutral,agrees,neutral,neutral,agrees,,
t20,agrees,0.625,The level of carbon dioxide in the atmosphere has never been higher.,agrees,neutral,agrees,agrees,neutral,neutral,agrees,agrees,,
t21,neutral,-0.125,"The earth’s cattle population actually produces more carbon dioxide than automobiles, planes, and all other forms of transport combined.",agrees,neutral,disagrees,neutral,neutral,disagrees,neutral,neutral,,
t22,neutral,-0.375,"There would n’t be much need for emission limits, cap and trade or carbon taxes.",disagrees,neutral,neutral,disagrees,neutral,disagrees,neutral,neutral,,
t23,disagrees,-1,Climate alarmists’ve got it wrong on global warming.,disagrees,disagrees,disagrees,disagrees,disagrees,disagrees,disagrees,disagrees,,
t24,neutral,0.375,For-profit carbon project developers work with landowners to qualify large forests for credits.,agrees,neutral,agrees,neutral,neutral,agrees,neutral,neutral,,
t25,disagrees,-0.375,By now there should have been global warming equivalent to 2.8 degrees / century.,disagrees,disagrees,agrees,disagrees,neutral,neutral,neutral,disagrees,,
t26,neutral,0.125,Climate change models predict a 15 year period of global cooling.,agrees,neutral,neutral,disagrees,neutral,neutral,neutral,agrees,,
t27,disagrees,-0.75,"Data on how sea levels are rising, relied upon by the United Nations, is adjusted upward in “ arbitrary ” ways.",neutral,disagrees,disagrees,disagrees,disagrees,neutral,disagrees,disagrees,,
t28,neutral,0,"At that time, the scientific community had just launched the first satellites that provided images of the sea-ice cover from space.",neutral,neutral,neutral,neutral,neutral,neutral,neutral,neutral,,
t29,neutral,0.25,Air travel produces far more carbon emissions than train travel.,agrees,neutral,neutral,neutral,neutral,agrees,neutral,neutral,,
t3,agrees,0.875,The increase in extreme flood likelihood will occur prior to reaching 73-percent urbanization because of changes in climate.,agrees,agrees,agrees,agrees,agrees,neutral,agrees,agrees,,
t4,neutral,0,"The study used real-world data to show what actually happened during floods, instead of relying on a model of what “should” happen.",neutral,neutral,neutral,neutral,neutral,neutral,neutral,neutral,,
t5,disagrees,-0.625,Global warming is occurring more slowly than computer models forecast a decade ago.,disagrees,disagrees,neutral,disagrees,neutral,disagrees,disagrees,neutral,,
t6,agrees,0.875,"It is thought that the hazardous waste would stay buried and frozen forever beneath the Greenland Ice Sheet, but climate change is warming the Arctic and causing portions of the ice sheet to melt.",agrees,agrees,agrees,agrees,agrees,neutral,agrees,agrees,,
t7,agrees,1,Human emissions of greenhouse gases are causing global warming.,agrees,agrees,agrees,agrees,agrees,agrees,agrees,agrees,,
t8,agrees,1,"The impacts of long-term global warming are already being felt in coastal flooding, heat waves, intense precipitation and ecosystem change.",agrees,agrees,agrees,agrees,agrees,agrees,agrees,agrees,,
t9,agrees,0.5,The value of a global push to limit the human contribution to warming exceeds the economic value of abundant fossil energy.,agrees,neutral,agrees,disagrees,agrees,agrees,agrees,neutral,,
MACE competence,,,,0.578430112,0.860916835,0.600098961,0.685097128,0.741408178,0.282185577,0.833608854,0.757724241,,