,MACE_pred,av_rating,sentence,worker_0,worker_1,worker_2,worker_3,worker_4,worker_5,worker_6,worker_7,,Krippendorff
s0,disagrees,-1,Global warming is a hoax.,disagrees,disagrees,disagrees,disagrees,disagrees,disagrees,disagrees,disagrees,screen,0.92
s1,agrees,0.75,Alarming levels of sea level rise are predicted to threaten Florida over the next decades.,agrees,agrees,neutral,agrees,neutral,agrees,agrees,agrees,non-screen,0.65
s2,neutral,0,"Over the past several years, the United States has seen an increase in business growth that has counteracted the lingering effects of the recession.",neutral,neutral,neutral,neutral,neutral,neutral,neutral,neutral,MACE > 0.4,0.65
s3,agrees,1,Global warming is happening and it will be dangerous to human health and welfare.,agrees,agrees,agrees,agrees,agrees,agrees,agrees,agrees,,
s4,neutral,0,Some icebergs are cute.,neutral,neutral,neutral,neutral,neutral,neutral,neutral,neutral,,
t0,disagrees,-1,Global warming is a myth the greenies’ heads exploded.,disagrees,disagrees,disagrees,disagrees,disagrees,disagrees,disagrees,disagrees,,
t1,disagrees,-0.875,There appears to have been little or no change in globally averaged temperature over the last two decades.,neutral,disagrees,disagrees,disagrees,disagrees,disagrees,disagrees,disagrees,,
t10,disagrees,-0.125,The global warming of the 1900s is caused by a rise in solar output.,agrees,neutral,neutral,disagrees,agrees,disagrees,neutral,disagrees,,
t11,agrees,1,"Global warming is influencing the weather, in the wake of a string of deadly extreme events in the US.",agrees,agrees,agrees,agrees,agrees,agrees,agrees,agrees,,
t12,neutral,0.25,2018 is the fourth hottest year on record,agrees,neutral,neutral,neutral,neutral,neutral,agrees,neutral,,
t13,agrees,0.625,Democratic members should focus on phasing out fossil fuels.,agrees,agrees,neutral,agrees,neutral,neutral,agrees,agrees,,
t14,neutral,0.375,"Last year, global CO2 emissions rose by 1.4 .",agrees,neutral,neutral,agrees,agrees,neutral,neutral,neutral,,
t15,disagrees,-0.75,The benefits of carbon dioxide outweigh the environmental costs.,disagrees,disagrees,disagrees,neutral,neutral,disagrees,disagrees,disagrees,,
t16,disagrees,-0.5,"Despite the increased human emissions of greenhouse gases, between 2002 and 2014, plants are somehow able to absorb more carbon dioxide out of the atmosphere than in previous decades.",disagrees,neutral,neutral,disagrees,agrees,disagrees,disagrees,disagrees,,
t17,agrees,0.125,The findings do not undermine global warming theory.,disagrees,neutral,neutral,disagrees,agrees,neutral,agrees,agrees,,
t18,disagrees,-0.375,The climate-mitigation potential of carbon farming has been greatly oversold.,agrees,disagrees,disagrees,disagrees,neutral,neutral,disagrees,neutral,,
t19,neutral,0.125,The annual cost of the global warming industry is $ 1.5 trillion.,agrees,neutral,neutral,neutral,agrees,disagrees,neutral,neutral,,
t2,agrees,0.875,Global warming is happening.,agrees,neutral,agrees,agrees,agrees,agrees,agrees,agrees,,
t20,agrees,1,ExxonMobil for years had understood the climate risks associated with fossil fuels while publicly downplaying the danger.,agrees,agrees,agrees,agrees,agrees,agrees,agrees,agrees,,
t21,disagrees,-0.875,"After the most extensive and expensive global propaganda campaign, fewer people worry about a warming planet than did 25 years ago.",neutral,disagrees,disagrees,disagrees,disagrees,disagrees,disagrees,disagrees,,
t22,agrees,1,"As solid and invulnerable as the Statue of Liberty seems, the World Heritage site is actually at considerable risk from some of the impacts of climate change, especially sea-level rise, increased intensity of storms and storm surges.",agrees,agrees,agrees,agrees,agrees,agrees,agrees,agrees,,
t23,agrees,1,But people should still be concerned about global warming.,agrees,agrees,agrees,agrees,agrees,agrees,agrees,agrees,,
t24,agrees,0.625,Human activity is primarily responsible for the rise in carbon dioxide emissions.,agrees,neutral,neutral,agrees,neutral,agrees,agrees,agrees,,
t25,agrees,1,"The whole world will be devastated if we don’t stop burning fossil fuels immediately (if not sooner, since some say it’s too late and the world is already doomed).",agrees,agrees,agrees,agrees,agrees,agrees,agrees,agrees,,
t26,agrees,0.75,Carbon dioxide is a threat to public health.,agrees,agrees,neutral,agrees,neutral,agrees,agrees,agrees,,
t27,disagrees,-0.875,"There had been no global warming this millennium, and why, though the two satellites continue to show little or no warming.",disagrees,disagrees,disagrees,neutral,disagrees,disagrees,disagrees,disagrees,,
t28,neutral,0.375,The Arctic has lost nearly 95 percent of its oldest ice.,agrees,neutral,neutral,neutral,agrees,agrees,neutral,neutral,,
t29,agrees,1,Global warming is a very serious problem.,agrees,agrees,agrees,agrees,agrees,agrees,agrees,agrees,,
t3,agrees,1,The world must halve global emissions or face cataclysmic global warming.,agrees,agrees,agrees,agrees,agrees,agrees,agrees,agrees,,
t4,neutral,0.125,"Most scientists think global warming is happening, while majorities of Republicans (56 %) and Tea Party members (69 %) say that there is a lot of disagreement among scientists about whether or not global warming is happening.",neutral,neutral,agrees,neutral,neutral,neutral,neutral,neutral,,
t5,agrees,0.75,There is something unusual about current temperatures: that we have catastrophic global warming from industrialisation.,agrees,agrees,agrees,disagrees,agrees,agrees,agrees,agrees,,
t6,agrees,0.875,Global warming is happening and is caused by human activities.,agrees,neutral,agrees,agrees,agrees,agrees,agrees,agrees,,
t7,neutral,0,Global trade merely outsourced U.S. emissions.,disagrees,neutral,neutral,neutral,neutral,neutral,agrees,neutral,,
t8,neutral,0.25,"Some governments are taking serious action to mitigate global warming, when in reality they have achieved almost nothing.",agrees,agrees,neutral,neutral,neutral,neutral,neutral,neutral,,
t9,neutral,0.5,Worldwide sea levels rose over the last two decades by about a foot per century.,agrees,neutral,neutral,neutral,agrees,agrees,agrees,neutral,,
MACE competence,,,,0.437665146,0.695250076,0.653364169,0.77000901,0.46910304,0.743137015,0.809431825,0.937654167,,