sent_id,MACE_pred,av_rating,sentence,worker_0,worker_1,worker_2,worker_3,worker_4,worker_5,worker_6,worker_7,,Krippendorff
s0,disagrees,-1,Global warming is a hoax.,disagrees,disagrees,disagrees,disagrees,disagrees,disagrees,disagrees,disagrees,screen,0.89
s1,neutral,0.375,Alarming levels of sea level rise are predicted to threaten Florida over the next decades.,neutral,neutral,neutral,agrees,agrees,neutral,neutral,agrees,non-screen,0.65
s2,neutral,0,"Over the past several years, the United States has seen an increase in business growth that has counteracted the lingering effects of the recession.",neutral,neutral,neutral,neutral,neutral,neutral,neutral,neutral,MACE > 0.4,0.65
s3,agrees,1,Global warming is happening and it will be dangerous to human health and welfare.,agrees,agrees,agrees,agrees,agrees,agrees,agrees,agrees,,
s4,neutral,0,Some icebergs are cute.,neutral,neutral,neutral,neutral,neutral,neutral,neutral,neutral,,
t0,agrees,0.625,"Warmer-than-normal sea surface temperatures are a key player in the development of hurricanes such as Katrina and superstorm Sandy, which hit the U.S. east coast in 2011.",neutral,neutral,neutral,agrees,agrees,agrees,agrees,agrees,,
t1,neutral,0,We will continue to rely in part on fossil fuels while we transition to a low-carbon economy .,neutral,neutral,neutral,neutral,neutral,neutral,neutral,neutral,,
t10,neutral,0,The actual rise in sea levels measured only 1.2 millimeters instead of the previously accepted 1.6 to 1.9 millimeters.,neutral,neutral,neutral,neutral,neutral,neutral,neutral,neutral,,
t11,disagrees,-1,Claims of global warming have been greatly exaggerated.,disagrees,disagrees,disagrees,disagrees,disagrees,disagrees,disagrees,disagrees,,
t12,neutral,-0.125,The Intergovernmental Panel on Climate Change should be clearer on how it draws conclusions from the body of research it assesses when gauging the impacts of global warming.,neutral,disagrees,neutral,neutral,neutral,neutral,neutral,neutral,,
t13,disagrees,-0.375,Evidence now leans against global warming resulting from human-related greenhouse gas emissions.,disagrees,agrees,disagrees,neutral,neutral,disagrees,neutral,disagrees,,
t14,disagrees,-0.625,Flooding has been going on forever.,disagrees,disagrees,disagrees,neutral,neutral,neutral,disagrees,disagrees,,
t15,agrees,0.875,Simply reducing emissions will not sufficiently limit global warming.,neutral,agrees,agrees,agrees,agrees,agrees,agrees,agrees,,
t16,neutral,0.25,Climate deniers blame global warming on aliens from outer space.,disagrees,agrees,neutral,agrees,neutral,neutral,agrees,neutral,,
t17,agrees,0.125,"Global warming is inevitably going to be, at best, managed .",disagrees,agrees,agrees,neutral,agrees,neutral,disagrees,neutral,,
t18,neutral,0,"Some parts of the world the world, such as the coast of California, saw sea levels fall.",neutral,neutral,neutral,neutral,neutral,neutral,neutral,neutral,,
t19,neutral,0.375,"If carbon dioxide emissions continue to rise beyond 2020, or even remain level, the temperature goals set in Paris become almost unattainable.",neutral,neutral,agrees,neutral,neutral,neutral,agrees,agrees,,
t2,disagrees,-0.875,The study is one more example that you can get any answer you want when the thermometer data errors are larger than the global warming signal you are looking for.,disagrees,disagrees,disagrees,disagrees,disagrees,neutral,disagrees,disagrees,,
t20,agrees,0.75,Millions more people around the world are threatened by river floods in coming decades due to climate change.,agrees,agrees,neutral,agrees,agrees,agrees,agrees,neutral,,
t21,neutral,0.125,45 % of the general public view perceived global warming as caused by humans.,neutral,neutral,neutral,agrees,neutral,neutral,neutral,neutral,,
t22,agrees,0.5,Two billion people may be displaced by rising sea levels by the turn of the next century.,neutral,neutral,neutral,neutral,agrees,agrees,agrees,agrees,,
t23,agrees,1,Global warming is real and threatening.,agrees,agrees,agrees,agrees,agrees,agrees,agrees,agrees,,
t24,agrees,0.875,There is a danger that we can get used to global warming.,agrees,agrees,agrees,agrees,agrees,agrees,agrees,neutral,,
t25,agrees,0.625,Doing so will be central for getting global warming under control.,neutral,agrees,agrees,neutral,agrees,agrees,agrees,neutral,,
t26,agrees,1,Global sea-level rise is both undeniable and consequential.,agrees,agrees,agrees,agrees,agrees,agrees,agrees,agrees,,
t27,disagrees,-1,Global warming isn’t happening.,disagrees,disagrees,disagrees,disagrees,disagrees,disagrees,disagrees,disagrees,,
t28,neutral,0.375,Carbon dioxide will hit another record high in 201.,neutral,agrees,neutral,neutral,neutral,neutral,agrees,agrees,,
t29,neutral,0,You now have a global marketplace for clean energy that is stable and accelerating.,neutral,neutral,neutral,neutral,neutral,neutral,neutral,neutral,,
t3,neutral,-0.25,"Fighting global warming, the stated purpose of AB32, is a loser with California voters.",disagrees,neutral,neutral,neutral,neutral,disagrees,neutral,neutral,,
t4,neutral,0.25,Four in ten Americans (40%) have personally experienced the effects of global warming.,neutral,agrees,neutral,neutral,neutral,agrees,neutral,neutral,,
t5,neutral,-0.125,Fossil fuels will be used for the foreseeable future.,neutral,neutral,neutral,neutral,neutral,neutral,disagrees,neutral,,
t6,agrees,0.75,Humans have a role and therefore as a matter of prudence we ought to have less carbon loading of the atmosphere.,agrees,agrees,agrees,neutral,agrees,neutral,agrees,agrees,,
t7,disagrees,-0.75,The global warming has become a new religion.,disagrees,disagrees,neutral,disagrees,disagrees,disagrees,disagrees,neutral,,
t8,disagrees,-0.875,The global warming crowd can’t get any crazier.,disagrees,disagrees,disagrees,disagrees,disagrees,neutral,disagrees,disagrees,,
t9,agrees,0.75,Global warming is mainly caused by human activity.,agrees,agrees,agrees,agrees,neutral,agrees,agrees,neutral,,
MACE competence,,,,0.705665664,0.710466955,0.777618396,0.629431272,0.786632251,0.658408551,0.727120281,0.578000197,,